activitat/,Punt2
URBANITZACI├ô DE CAN BORULL,110
EMSHTR (DESSALADORA DE SANT BOI DE LLOBREGAT),94
"FRESH WATER NATURE, SL",
"CAMPSA ESTACIONES DE SERVICIO, SA (E.S.T├ÜNELS DE VALLVIDRERA N┬║96.348)",110
"COGENERACI├ôN PRAT, SA",97
"SOCIETAT GENERAL D'AIG├£ES DE BARCELONA, SA",94
EDAR EL PRAT DE LLOBREGAT,96
AEROPUERTO DE BARCELONA - EL PRAT,
"CARBURANTS J. SOLANAS, SL",97
EDAR EL PRAT DE LLOBREGAT,96
MINYONS ESCOLTES I GUIES SANT JORDI DE CATALUNYA,94
AJUNTAMENT DE CANYELLES (URB. VORA SITGES),83
"COMERCIAL E INDUSTRIAL ARIES, SA",90
EDAR CAN TORRES,84
"RECYCLE CAR, SL",85
"AKZO NOBEL INDUSTRIAL PAINTS, SL",88
"COMERCIAL QUIMICA MASSO, SA",85
"PREBESEC, SA",84
CEMENTOS PORTLAND VALDERRIVAS SA,
CEMENTOS PORTLAND VALDERRIVAS SA,84
CEMENTOS PORTLAND VALDERRIVAS SA,71
COMUNIDAD DE PROPIETARIOS MAR MEDITERRANEA,82
"VI├æA TORREBLANCA, SL",84
CAN SURIOL (JOSEP CAMPS ROVIROSA),87
"CADES PENEDES, SA",84
"LAFARGEHOLCIM ESPA├æA SAU ""LA CUEVAS""",
URB . RESIDENCIAL DE CAN MITJANS,89
EDAR EL LLEDONER (VALLIRANA),93
CEMENTOS PORTLAND VALDERRIVAS SA,71
"ROCA SANITARIO, SA",95
"CERAMIQUES ESTRUCTURALS DEL PENEDES, SA",84
"DIPLOVER, SL (CLUB HIPIC OPEN)",95
"SOL├ë BATET, JAUME",
"MAHLE, SA",
"DESGUACES F. BENEDI, SL",84
"JARO, SL",92
AJUNTAMENT D'OLIVELLA,86
"TRADIA TELECOM, SA (BEGUES)",81
"DIPLOVER, SL (CLUB HIPIC OPEN)",95
"PIROTECNIA IGUAL, SA",83
"AUTOPISTES DE CATALUNYA, SA",
"PROJECTES SIGA, SL",82
AJUNTAMENT D'AVINYONET DEL PENED├êS,92
CAA GAL GANXO,
"ROCA SANITARIO, SA",95
"ESTEVE QU├ìMICA, SA",584
"DEFIBER, SA",66
"AUTORECICLAJE Y GRUAS ROLDAN, SCP",66
CONSORCI DE SERVEIS SOCIALS DE BARCELONA,288
URBANITACIO CAN CERDA,288
AJUNTAMENT DE SANT CUGAT DEL VALLES,286
AAVV SOL I AIRE (NUCLI URB├Ç SOL I AIRE),285
CONSORCI DEL PARC NATURAL DE LA SERRA DE COLLSEROLA,288
ASS. ADM. DE COOPERACI├ô CAN CORTES SECTOR A,110
CONSORCI PER A LA CONSTR. EQUIP I EXPLO. DE LAB.,287
AAVV SOL I AIRE (NUCLI URB├Ç SOL I AIRE),285
FUNDACI├ô PRIVADA ESCOLES UNIVERSIT├ÇRIES GIMBERNAT,286
"CER├üMICA SUGRA├æES, SA (ROSA GRES)",128
"GUARRO CASAS, SA",289
"JAN├ë COLL, GABINO",285
"├ÇRIDS CATALUNYA, SA",285
FUNDACI├ô CATALONIA (CENTRE MONTSERRAT MONTERO),288
AAVV SOL I AIRE (NUCLI URB├Ç SOL I AIRE),285
CONGREGACI├ôN RELIGIOSA PUREZA DE MARIA,286
FUNDACI├ô COLLSEROLA (ESCOLA AVEN├ç),285
CEDIPSA (E.S.BELLATERRA I-II),287
RESIDENCIA DE DISMINUITS PSIQUICS JOAN XXIII - INST.CATAL├Ç D'ASSIST. I SERV. SOCIALS,288
"DESGUACE LA ROCA, SL",290
"CEMENTIRIS DE BARCELONA, SA",288
ASSOCIACI├ô VALL DE TOSSA DE LA MOLINA,285
AAVV SOL I AIRE (NUCLI URB├Ç SOL I AIRE),285
CEDIPSA (E.S.BELLATERRA I-II),287
"PUIGFEL, SA",287
"RAMOS TRENZADO, ALBERT (MASIA FONT DEL TORT)",296
AJUNTAMENT DE SANT CUGAT,286
FLOR DE MAIG (CENTRE FORMACI├ô I TREBALL),288
FUNDACI├ô PRIVADA SANT MEDIR,285
INSTITUT CULTURAL CIC - ESCOLA THAU SANT CUGAT,286
"DESGUACE LA ROCA, SL",290
"DRAGADOS, SA",114
"RECUPERACION Y RECICLAJE DE RESIDUOS, SL",585
LA BALCHETA RECICLAJE SL,585
"MECANIZADOS BUSQU├ì, SL",113
"ABELLO LINDE, SA",113
"RECYMET SYSTEMS, SL",113
"NELVI, SCP",190
CENTRE DE TELECOMUNICACIONS A MONISTROL DE MONTSERRAT,190
ATRA ASSOCIACI├ô,603
ANA M┬¬ MU├æOZ COTES (RESTAURANT-BAR PONT DEL GAT,191
BENEDICTINES MONESTIR DE SANT BENET,191
"CARTONAJES INTERNATIONAL, SL",119
"IBERINOX 88, SA",101
"CEMENTOS MOLINS INDUSTRIAL, SA",100
"IBERINOX 88, SA",101
"AIG├£ES DE CASTELLBISBAL EMPRESA MIXTA, SL (CASTELLBISBAL)",118
"ALBERGUE 4 ESTACIONES, SL",104
"CEMENTOS MOLINS INDUSTRIAL, SA",100
"IBERINOX 88, SA",101
"CEMENTOS MOLINS INDUSTRIAL, SA",108
"DIDAC SYSTEMS, SL.",120
"ITG BAIX, SL (INDUSTRIA DE TRATAMIENTO GALVANICO)",108
"CEPSA ESTACIONES DE SERVICIO, SA",120
"MECANIZADOS RODRIGUEZ HERMANOS, SL.",120
"CERAMICAS AGUILAR, SL",109
CLUB DE TENIS SANT GERVASI,99
"IBERINOX 88, SA",101
"TECASA, TABIQUES, SL",598
AJUNTAMENT DE CORBERA DE LLOBREGAT,111
AIG├£ES TER LLOBREGAT (PLANTA SANT JUST DESVERN),99
"ESTACI├ô DE SERVEI ESTEVE, SL",103
"LAFOU, SL. (URBANITZACI├ô MAS DE LES FONTS)",107
"CAN MAS, CASA DE COLONIES, S.L",102
EDAR EL PRAT DE LLOBREGAT,104
"ALTA CRUZ, SA",108
"CEMENTOS MOLINS INDUSTRIAL, SA",108
"CEMENTOS MOLINS INDUSTRIAL, SA",100
"HOLCIM (ESPA├æA), SA",118
"CEMENTOS MOLINS INDUSTRIAL, SA",100
"SUCESORES DE CERAMICA DE PAPIOL, SA",112
"ROTOCAYFO,SL",104
"FCC CONSTR. I SERVI├Ç CANT├ô, SA (UTE VAR. VALLIRANA)",107
"ANODICOLOR, SLU",118
"CARBURANTS J. SOLANAS, SL",119
"CLEMENTE SAURA, PEDRO",109
"MAS-BAG├Ç BLANC, MANEL",106
PLA├çA GERMANS MOLINS RIBOT,108
"GALPGEST PETROGAL ESTACIONES DE SERVICIO, SLU",108
"OBERTHUR TECHNOLOGIES IBERICA, SAU",105
"PAHI, SL",104
CONSORCI PAR DE COLLSEROLA,600
SUBESTACI├ô BEGUES,91
"AUTOPISTES DE CATALUNYA, SA",
"AUTOPISTES DE CATALUNYA, SA",
"AUTOPISTES DE CATALUNYA, SA",
"JUVE & CAMPS, SA",133
"AUTOPISTAS CONCESIONARIA ESPA├æOLA, SAU",129
"BARDINET, SA",129
"AGROMILLORA IBERIA, SLU",134
"DHL SUPPLY CHAIN (SPAIN), SLU",129
ASSOCIACI├ô RECREATIVA DE CARAVANISTES DE BARCELONA,133
"CACENCA, S.L.",130
"TORELLO LLOPART, SA",133
AJUNTAMENT DE GELIDA,129
"SEGARRA GUITART, PEDRO (ESCORXADOR D'AUS I CONILLS)",142
PARC LOG├ìSTIC DE L'ALT PENED├êS,135
FUNDACI├ôN FILOKALIA AMIGOS DE AMMA,150
AJUNTAMENT DE PIERA (BARRI DE LA FORTESA),150
AJUNTAMENT DE PIERA,150
"SOLER & DEGOLLADA, SA",140
"SOLER JOVE, SL",136
"CODORNIU, SA",143
EDAR LES CASETES D'EN RASPALL,140
"DEIXALLES I TRANSPORTS A.PLAZAS, SA",137
"LA GRAMANOSA, SL",138
"PAPELERA RIUDEVITLLES, SA",140
EDAR LA FANGA,139
"JEAN LEON, SL",142
EDAR LAVERN,137
"GRAMONA, SA",136
MANCOMUNITAT PENED├êS-GARRAF (BARRI LA FANGA),139
"PULIDOS Y CROMADOS DE METALES, SL",135
EDAR L'ALZINAR,139
AJUNTAMENT DE PIERA - BARRI CAN BONASTRE,150
JUNTA DE COMPENSACI├ô POLI.INDUSTRIAL CAN BAS,137
"BODEGUES SUMARROCA, SL",134
"ALBET I NOYA, SL",138
"BODEGUES SUMARROCA, SL",134
"MARIA NUTO, SA",144
AJUNTAMENT DE PIERA (BARRI CAN CANALS),141
HOTEL RESTAURANT SOL I VI,142
ESCOLA DE VITICULTURA I ENOLOGIA MERCE ROSSELL I DOMENECH,135
"MIGUEL TORRES, SA",74
"CEPSA, SAU",74
"JOSEP MASACHS, SL",77
"BOLEA LORDAN, JOAN ANTON",77
"VILAFRANCA SERVEIS AVICOLES 2014, SL",73
CASA DE COLONIES CAL DIABLE,80
"CELLER EL MAS PUJO, SA",72
"MIGUEL TORRES, SA",74
"TECNICAS E INGENIERIA DE PROTECCION, SA",75
"AUTOPISTAS CONCESIONARIA ESPA├æOLA, SAU (SORTIDA 30)",72
"MADOBE 1307, SL",79
EDAR L'AVELL├Ç,76
PARROQUIA DE SANTA MARIA,599
"CUSC├ô RAFECAS, JAUME",78
EDAR BELLVER DE VILOB├ì DEL PENED├êS,75
CEDIPSA - ESTACI├ô DE SERVEI,74
"RESID├êNCIA - CASA PAG├êS (LLOPART G├£ELL, SERGI)",75
"MEGADYNE RUBBER, SA",
"GRAN CASINO DE BARCELONA, SL",
"CEMEX ESPA├æA OPERACIONES, SLU",
"GASSOL SAFONT, FRANCISCO ( MASIA XURIGUERA)",
"QUALITAT D'OBRES, SL",
"JANSA SAPERAS, MARIA ROSA",70
"ACEROS PARA LA CONSTRUCCION, SA",68
"ACEROS PARA LA CONSTRUCCION, SA",68
"AUTOPISTAS CONCESIONARIA ESPA├æOLA, SAU - PEATGE DE BANYERES",64
FUNDACI├ô ESCOLES FAMILIARS RURALS DEL PENED├êS,68
JOAN BALLES SEGURA (RESTAURANT CAN MAR├çAL),69
"RA HOTELS, SA - LE M├ëRIDIEN RA BEACH HOTEL & SPA",
"MONT MAR├çAL VINICOLA, SA",69
"VINS FONT, SA",70
"SECTOR INDUSTRIAL ""EL FOIX""",68
"CAMPSA ESTACIONES DE SERVICIO, S.A",67
"ROBERT BOSCH ESPA├æA FABRICA CASTELLET, SA",69
"AGR├ìCOLA I SECCI├ô DE CR├êDIT D'ALBINYANA, SCCL",61
EDAR URBANITZACI├ô VALLDEMAR,
"AREAMED 2000, SA - AREA DE SERVEI DEL PENED├êS",67
"SAINT-GOBAIN CRISTALERIA, SL",65
"CENTRE VINICOLA DEL PENEDES, SCCL",65
"AREAS, SA (A. DEL PENEDES)",67
"AUTOPISTAS CONCESIONARIA ESPA├æOLA, SAU",
"AGR├ìCOLA I CAIXA AGR├ÇRIA I SECCI├ô DE CR├êDIT DE BR├ÇFIM, SCCL",55
PROMOCIONES PERALTA SL,53
"EXPLOTADORA DE MANANTIALES, SA (AIGUA FONT NOVA)",59
AJUNTAMENT DE RENAU,53
ESTACI├ôN DE SERVICIO LA BISBAL DEL PENED├êS (34.409) (CAMPSA),63
"ESTACI├ô DE SERVEI, SA ""MEDOL""  N.C. 31412",
"COOP. AGRICOLA I CAIXA AGRARIA MASLLOREN├ç, SCCL",54
"ESTACI├ô DE SERVEI ALT CAMP, I Y II ( CEDIPSA)",54
"GRANJA SOL├ë, SL",58
AJUNTAMENT DE VILA-RODONA,57
"CODELFE PENED├êS 2006, SL",63
"CODELFE PENED├êS 2006, SL",63
"VINS FONT, SA",56
AJUNTAMENT DE VILA-RODONA (POL.LES ARENELLES),57
AJUNTAMENT DE VESPELLA DE GAI├Ç,52
"AUTOPISTAS CONCESIONARIA ESPA├æOLA, SAU",57
"GESTORA DE RUNES DEL TARRAGON├ëS, SL",
"CASTELL D'OR, SL",58
"MOTOR AVENTURA XXI, SL",60
AJUNTAMENT DE LA BISBAL DEL PENED├êS,62
CONSELL COMARCAL DEL BAIX PENED├êS (EDAR BONASTRE),
GOLF HOTEL F&G LA FIGUEROLA,1
"METALURGICA FOLCH, SL",5
"SAVASUN, S.A.",2
VERDCAMP FRUITS S.A.T.,4
"SAVASUN, S.A",2
"COMAIGUA, SL (RIUDECANYES)",3
"SAVASUN, S.A.",2
AJUNTAMENT DE MONT-ROIG DEL CAMP,
ENTIDAD URB. COL. DE CONSERV. RUSTICAL BALNEARIO,
"AREAS 2021, SLU - ├ÇREA DE SERVEI DE L'HOSPITALET",
C.N VANDELLOS II OFICINES,
MINISTERIO DE FOMENTO - UTE AUTOVIA B-40,176
AJUNTAMENT DE SANT ESTEVE SESROVIRES (TORRENT LES MORERES),172
"AIR LIQUIDE IB├ëRICA DE GASES, SLU",172
INCASOL - COL├ÆNIA SED├ô,188
ENS D'ABASTAMENT D'AIGUA TER LLOBREGAT (PLANTA ABRERA),173
ASOCIACION PROPIETARIOS PARCELISTAS FINCA OASIS,174
"RESIDUOS ALTERNATIVOS DE CATALU├æA, SL",186
AJUNTAMENT D'HOSTALETS DE PIEROLA,185
"TRANSPORTES AMADOR GARCIA GONZALEZ, SA",172
"PETRONIEVES, SL",172
"AMAT-3, SA",172
JUNTA DE COMPENSACI├ô SECTOR P-7,172
"CERAMICA ELIAS, SA",185
"SPAN DECK CATALANA, SA",185
S.A. TINTES TEXTILES-81,188
ASOCIACION PROPIETARIOS PARCELISTAS FINCA OASIS,174
JUNTA DE COMPENSACI├ô CAN COROMINES,177
"UNITEX, SA (UO-LF)",188
"ARQUE ELIAS, SL",172
"SALVIA ELECTRONIC, S.L.",188
"COMERCIAL CATALANA DE MAQUINARIA TEXTIL, S.A.",188
"HIDRODATA, SA - CH EL CAIRAT",189
"HOTEL EL BRUC, SL",185
"EXPLOTACIONS FUNERARIES, SL",187
"TAIGUA, AIGUA MUNICIPAL TERRASSA",187
"BALDOSAS VALLES, SL",185
S.A. TINTES TEXTILES-81,188
ASOCIACION PROPIETARIOS PARCELISTAS FINCA OASIS,174
"EXPLOTACIONES AGRICOLAS Y FORESTALES BRUGAROL, SA  -CELLER-",385
"PERE ROCA, SA",385
"ANADAUTO, SL",386
"MONTA├æA DOU, LLU├ìS",258
"RESTAURANT LA MOLA, SL",262
"SAULEDA, SA",256
"EVOFEED, SL",261
"GONZ├üLEZ GARC├ìA, MARIA CARMEN",255
AJUNTAMENT D'AVINY├ô - POL. IND. EL SOLER,255
"EMBUTIDOS SOL├Ç, SA",260
"COLLELL CARRILLO, L├ìDIA",260
"SANFEPLAST,SA",257
"RODELLAS-SORTS, S.L",258
"CAMPING LLU├çANES, S.A.",258
"VENI ESPORT, SL",263
"REIXAG├ô AGR├ìCOLA I RAMADERA, SL",261
"REPSOL COMERCIAL DE PRODUCTOS PETROL├ìFEROS, SA",314
"TEXPACK ENGINEERING, SA",259
"CAMPING PUIGCERCOS, SL",591
"FILATS GONFAUS, SA",267
"INTERNITCO COMER├ç, SL",586
"CONILL SEGARRA, JAUME",266
"CATALANA DE EMBUTIDOS, SA",265
"BERGUED├Ç N├ÇUTIC, S.L",276
CAMPING CAMPALANS SL,277
CONSELL COMARCAL DEL BERGUED├Ç,274
CONSELL COMARCAL DEL BERGUED├Ç,274
CONSELL COMARCAL DEL BERGUED├Ç,274
"CAMPING FONT FREDA, SA",605
"GESTORA DE RUNES DE MUNTANYA, SL",278
"FERNANDEZ MARCENARO, FERNANDO",605
AJUNTAMENT DE BERGA,275
"ENDESA GENERACION, SA -CH LA BAELLS",276
"JIMENEZ MU├æOZ, MANUEL (BIG FAI, RESIDENCIA CANINA)",308
"CARERAC, SL",302
CASINO DE FIGAR├ô,322
"SOTA EL SUI, SL (HOTEL CAN CUCH)",322
"AHLSTROM BARCELONA, SAU",153
"DICEPA HIGIENE, SL",154
"CENTRE DE GESTI├ô MEDIAMBIENTAL, SL",157
"GARVE , SA",157
"UNION INDUSTRIAL PAPELERA, SA",155
"COGENERACION UFIC, SA",155
"UNION INDUSTRIAL PAPELERA, SA",155
"MB. PAPELES ESPECIALES, SA",156
"TINTES IGUALADA, SA",153
"FERRER VILARRUBI, SA",152
"DICEPA HIGIENE, SL",154
"MB. PAPELES ESPECIALES, SA",156
"SNOP ESTAMPACION, SA",158
"FRAGNOR, SL",153
"TGB, SA",153
"DICEPA HIGIENE, SL",154
"FRAGNOR, SL",153
"LABORATORIO JAER, SA",602
"J. VILASECA, SA",154
"IMPRESS DISE├æO IBERIA, SA",323
"COMAQUIN, SA",323
"PUIGJANER AMAT, LLUISA",321
"ENVASES DEL VALLES, SA",323
"AUTOPISTAS CONCESIONARIA ESPA├æOLA, SAU",320
"ADES, SL",319
"SERRA BOSCH, ANNA (RESTAURANTE TRES PINS)",320
"CONSTRUCCIONES MEC├üNICAS LLAMADA, SL",320
"AGIP ESPA├æA, SA (E.S. MONTSENY)",325
"ECOLOGIA Y MEDIOAMBIENTE INTEGRADOS, SL (ECOPIL)",319
"PARC DE BELLOCH, SL",320
AJUNTAMENT DE SANT PERE DE VILAMAJOR,323
"ISANT SALA, RAMON (PNEUMATICS SERVEI 3)",320
"GUINART PARERA, MONTSERRAT",611
ENS D'ABSTAMENT D'AIGUA TER LLOBREGAT (PLANTA TRACTAMENT DE CARDEDEU),319
"TECNOLOGIAS DEL MEDIO AMBIENTE, SA",325
CASA DE COL├ÆNIES MOGENT (FUNDACI├ô CHAMPAGNAT),325
"TURMO VALL├êS, SL",611
"AREAS, SA - A.S.DEL MONTSENY",325
CASA COL├ÆNIES LA CARRAL,235
ATL - ENS D'ABASTAMENT D'AIGUA TER-LLOBREGAT (ETAP LLOSA DEL CAVALL),237
"GESTORA DE RUNES DEL BAGES, SL",227
"AIGUA D' ORA, SL",231
DW PLASTICS NV (SUCURSAL EN ESPA├æA),224
"BARCONS GRIFELL, JOS├ë (CAMPING LA RIBERA)",236
"PUY LLORENS, MONTSERRAT",228
"ESTER I FABRI├ÇS, FRANCESC",229
"COMPLEJO TURISTICO CAN PUIG, C.B.",234
CONSELL COMARCAL SOLSONES,235
"PAL├Ç COMAPOSADA, JOSEP M.",227
"BAR RESTAURANT GARGALL├Ç, SL",225
FUNDACIO CATALANA DE L'ESPLAI,230
├ÇREA D'ESPAIS NATURALS - DIPUTACI├ô DE BARCELONA,294
ATLETIC TERRASSA HOCKEY CLUB,292
CAN BONDIA RESTAURANT SL,292
"UTE GESTORA DE RUNES DE LA CONSTRUCCI├ô, SA",293
"GRAU, SA",294
JUNTA COMP. SUBSECT. 1 Y 2 PLAN PARCIAL CAN BAGES,292
"CER├ÇMIQUES ESTRUCTURALS MANRESANAS, SL",216
AJUNTAMENT DE FONOLLOSA - ST. VICEN├ç DE FALS,214
"RESIDUS DEL BAGES,S.L.",212
"ENDESA DISTRIBUCI├ôN, SL - SE CONGOST",213
"RED-GOM,SCP",205
"LINARES TALL├ô, JORDI",194
"GESTORA DE RUNES DEL BAGES, SL",216
"LES COMES DE SERAROLS, SL",217
"G&P LA ROQUETA 21, S.L.",203
CASA CAL FAIN├ë,198
"FUNDEL, SL",204
EDAR RAJADELL (RAJADELL I FONOLLOSA),209
"COMA COHI, ALFREDO MARIA",210
AMPANS,204
"GOLF DEL OLLER, SL",207
"CANALS CUSSO, JOSEP",197
"CAL PUJOLET, SCP",195
ACABADOS FUNDICION S.L.,204
ESTACIO SERVEI CEDIPSA (AREA SERV. MONTSERRAT),192
"AUTEMA, SA",604
"COMPA├æIA ESPA├æOLA DISTRIBUIDORA DE PETROLEOS, S.A CEDIPSA",204
"MASIA CAN FERMI, CB",195
"AUTEMA, SA",196
"MASIA CAN FONT, SL",195
"ROIG PUJOL, MARIA TERESA",195
"AIG├£ES DE MANRESA, SA (BARRI LA GUIA)",212
"CENTRE HIPIC 3 AIRES, SL",208
"AUTEMA, SA",604
REPSOL - E.S.SANT PERE DE SALLAVINERA,211
"CAMPSA ESTACIONES DE SERVICIO, SA",213
ASSOCIACIO CATALANA DE CASES DE COLONIES,192
"BAGESPIN, SL",193
"FARRERAS BARCEL├ô, AGN├êS",208
SOCIETAT PROTECTORA D'ANIMALS I PLANTES,206
"RESIDUS DEL BAGES,S.L.",212
"RESTAURANT CAL JEPET, SL",195
AMPANS,204
"OWENS-CORNING FIBERGLAS ESPA├æA,SL",197
"DOG EDUCAT, SL",213
"TAMOIL ESPA├æA, SA",215
"BON PREU, SAU (BALENY├Ç)",315
CENTRE  DE TELECOMUNICACIONS DE COLLSUSPINA,315
"BRI-AUTO PLATFORM, SL (RESTAURANT ESTEBANELL)",315
"C├ÇRNIQUES AUSA, SL",315
"MASAI MARA 2006, SL -RESTAURANT EL PIN├ôS-",608
"RESTAURACIONS AMBIENTALS CATALANES, SL-MONODIP├ÆSIT ST. ANTONI-",315
"ROQUET BAUCELLS, JORDI",315
"MATAVERA FONT, JOSEP M.",315
LLAR D'INFANTS MUNICIPAL DE DOSRIUS,327
"KM5 INTERNATIONAL, SL (PEDRERA EL ROC├Ç)",327
"INDUSTRIAL BREINCO, SA",326
AG├êNCIA CATALANA DE LA JOVENTUT (ALBERG JUV. MAS SILVESTRE),328
"OCERANS CIVIT, VALENTI",
ARIDS GARCIA PEDRERA GAR 1 SL,326
"DOSRIUS CASASIN, RAMONA",313
"TAMAYO AUTODESGUACES, SL",312
"S├üNCHEZ REBELLES, MARIO (FINCA MONTMANY)",313
DIPUTACI├ô DE BARCELONA - RECTORIA DE VALLC├ÇRQUERA,313
JUNTA DE COMPENSACIO SAU-5,312
"VILADASES, SL - CAMPING GIRONELLA",588
"ESTACI├ô DE SERVEI BALLUS, SA",273
UTE OLOST-OLVAN,270
SIRAP PACKAGING IBERICA SLU,271
"BALVITEX, SA",269
"FIBRAS HILADAS ESTEVA, SA",272
"TRACTAMENTS DE SUPERFICIES, SL",273
"CLAUDI ROCA, S.L.",271
"BALVITEX, SA",269
"FIBRAS HILADAS ESTEVA, SA",272
"PALAU I FILLS, SA",272
"HERCA, SCCL",201
FUNDACI├ô MERCE FONTANILLES - CENTRE ACOLLIDA ESTREP,202
"VINS GRAU, SL",199
FUNDACI├ô AMPANS,200
"CARBONERES PEDRAFORCA, SA",279
"CARBONERES PEDRAFORCA, SA",279
FUNDACI├ô UNIVERSITAT I TECNOLOG├ìA,283
"CEPSA ESTACIONES DE SERVICIO, SA   -  E.S. CADI",281
"GEOGRAF, SA - CH EL COLLET",280
"PER-PRA, SL",279
"CAL JOANET, SCP-CAMPING MIRADOR AL PEDRAFORCA",279
"HOSTAL PEDRAFORCA, SA",589
"CARBONERES PEDRAFORCA, SA",590
"MOLISPELT, SL - CAMPING L'ESPELT",593
"COMSA  EMPRESA CONSTRUCTORA, SA",281
"PEDRACAMP, SL",590
"HIDRODATA, SA - CH BAGA",282
CENTRO DE INVESTIGACI├ôN Y DESARROLLO APLICADO SAL,300
MINYONS ESCOLTES I GUIES SANT JORDI DE CATALUNYA,303
MANC.INTERM.MARTORELLES I STA.M┬¬ MARTORELLES,303
AGRICOLA I RAMADERA DEL VALLES,297
"GALP DISTRIBUCION OIL ESPA├æA, SA (MONTCADA NORD)",607
DEPARTAMENT DE BENESTAR I FAMILIA - CENTRE EDUCATIU ELS CASTANYERS,303
"IRMASOL, SA",298
CENTRE EDUCATIU L'ALZINA,303
"AREAS, SA - E.S. VALLES (DIRECCIO GIRONA)",298
"CAMPSA ESTACIONES DE SERVICIO, SA (ES VALL├êS)",298
"GALP DISTRIBUCION OIL ESPA├æA, SA (MONTCADA NORD)",607
"JOSE FUSTE, SA",301
"STOCKMEIER QUIMICA, SL",299
"PIVEMA, SA",299
"CESARI BOHIGAS, JOAN",303
"CAN FERRAN, SA",126
"INSTITUCI├ô FAMILIAR D'EDUCACI├ô, SA (COL┬ÀLEGI LA VALL)",127
"TERRASSA NETA, SA",125
"CERCLE SABADELL├êS 1856, SCP",127
"GESTIONES E INVERSIONES COSMOLAND, SL",126
"ASEA BROWN BOVERI, SA",126
ATLETIC TERRASSA HOCKEY CLUB,123
"ENERGY EXPRESS, SL",124
"DEP.TREBALL, AFERS SOCIALS I FAM├ìLIES (RESID├êNCIA DE GENT GRAN DE TERRASSA)",124
"SANMY, SA",123
EL VALL├êS GOLF DE TERRASSA,125
"BERENGUERA VIDAL, JOAN",124
REAL CLUB DE GOLF - EL PRAT,126
"RESTAURANT CAN PAIROT, SL",474
"GARECOSAN VOLTREGA, SL",475
"PLADELASALA LINARES, JOAQUIM  -GRANJA PLADELASALA-",464
"LA PLANA RESIDUS INDUSTRIALS, SL",475
GESTORA DE RUNES DE LA CONSTRUCCIO SA-LA PLANA RESIDUS INDUSTRIALS SL UTE GRC-LPRI MANLLEU,475
"FARINES OSONA, SL",475
"IQAP MASTERBATCH GROUP, SL",464
"AIG├£ES DE VIC, SA  -ETAP MIRALTER-",597
"FORMIGONS LA VALL D'EN BAS, SLU",597
"PLASTIN, SAU",473
"CEMEX ESPA├æA OPERACIONES, SLU -PLANTA DE GURB-",597
"AUTOPISTAS CONCESIONARIA ESPA├æOLA, SAU",121
"AUTOPISTAS CONCESIONARIA ESPA├æOLA, SAU",121
"SYNTHESAR, S.A.",171
JUAN MIQUEL PADIAL FERNANDEZ,171
AJUNTAMENT DE CASTELLV├ì DE ROSANES (POL.IND. ROSANES),122
CENTRE PENITENCIARI CAN BRIANS,122
"CODORNIU, SA",171
COMUNITAT DE PROPIETARIS PARCELA I,170
AJUNTAMENT DE SANT ESTEVE SESROVIRES - POL.IND. ANOIA,122
JUNTA COMP. SECTOR CAN MARGARIT,122
"CARGILL, SLU",170
JUNTA DE COMPENSACI├ô PLAN PARCIAL MASIA BACH,171
JUNTA DE COMPENSACI├ô PLAN PARCIAL MASIA BACH,171
REMAR CATALUNYA,122
"METALES BAIX LLOBREGAT, SL.",171
"CAMPSA ESTACIONES DE SERVICIO, SA (E.S. SANT ESTEVE SE",122
"INDUSTRIA DE ACABADOS ESPECIALES SAMA, SL",171
"FLEXIPLAS, S.A.",172
"MUDANZAS CORASE, SL",122
"AUDI TOOLING BARCELONA, SL",171
"BUTANO MARTORELL, SA",121
"ELIS MANOMATIC, SA",122
"AUTOPISTAS CONCESIONARIA ESPA├æOLA, SAU",121
AJUNTAMENT DE SANT ESTEVE SESROVIRES,122
"SOLO PALETS, SL",171
"AUTOPISTAS CONCESIONARIA ESPA├æOLA, SAU",121
COMUNITAT PROPIETARIS VINYES DEL TUR├ô,171
"ELECTRODOMESTICOS DE CATALUNYA, SA",171
"AUTOPISTAS CONCESIONARIA ESPA├æOLA, SAU",121
"AUTOPISTAS CONCESIONARIA ESPA├æOLA, SAU",121
"AUTOPISTAS CONCESIONARIA ESPA├æOLA, SAU",121
"AUTOPISTAS CONCESIONARIA ESPA├æOLA, SAU",121
"FOLCH,S.A.",171
"AUTOREC, SL - RECUP. VEHICLES INDUSTRIALS",178
"CERAMICA PIEROLA, SL",181
"CESPA GESTION DE RESIDUOS, SA",182
"CENTROS COMERCIALES CARREFOUR, SA",
"CEPAS MU├æOZ, DOMINGO",306
"TRANSFORMAD, SA",307
"SOREA, SDAD REG ABASTECIMIENTO AGUAS, SA (ALELLA)",
"DESGUACES LA CABA├æA, SL",316
"DESGUACES LA CABA├æA, SL",316
BISER THERMOTECH S.L.,307
"COBEGA EMBOTELLADOR, SLU",304
"INFRAESTRUCTURES VIARIES DE CATALUNYA, SA",
"NETEGES I TRITURATS FORESTALS LLENS, SL",306
"BOSCH SISTEMAS DE FRENADO, SLU",307
"FORMATGES CAN PUJOL, SL",316
"INFRAESTRUCTURES VIARIES DE CATALUNYA, SA",
"COBEGA EMBOTELLADOR, SLU",304
"FLINT GROUP IBERIA, SL",316
"DESGUACES DE AUTOMOVILES, SL",305
"ENVERNISSATS AGUILA, SL",305
"INFRAESTRUCTURES VI├ÇRIES DE CATALUNYA, SA",
"CERAMICA LA CORONA, SA",307
"DESGUACES DE AUTOMOVILES, SL",305
"COBEGA EMBOTELLADOR, SLU",304
"LA MOIANESA, SL",250
"TORRE DE CASANOVA, SCP",250
EDAR SABADELL/RIU RIPOLL,291
"DESGUACES TRECE, SL",606
"CENTRE DE RECERCA I VALORACI├ô AVAN├çADA DE BARBER├Ç, SL",291
"LLULL 80, SL",291
"DESGUACES TRECE, SL",606
"FIRTEC, SA",291
"AUTOESCOLA FONT, SL",243
"HERN├üNDEZ P├ëREZ, EMILIO",243
AIG├£ES DE MANRESA - BARRI DE VILADORDIS,243
"CANTERAS VALSAN, SA (RA-MONTJU├ÅC-AMPLIACI├ô II)",242
"FUNDICION MARTINEZ, S.A.",243
EDAR SANT PERE SACARRERA,151
"CERAMICAS PIERA, SL",181
SUBESTACI├ô PIEROLA,183
"ESTACION DE SERVICIO EL BRUCH, SA (REPSOL)",184
DIA RETAIL ESPA├æA SA,324
"AGUSTIN BARRAL, SA",284
"LA FARGA VELLA,S.L. (HOSTAL LES FONTS)",592
AJUNTAMENT DE PUIG-REIG (POL. IND.CAN VIDAL II),268
"SISTEMAS DE EMBALAJE SORSA, SA",587
SIRAP PACKAGING IBERICA SLU,268
"├üRIDOS Y DERIVADOS CARTR├ô, SA",317
"AUTOPISTAS CONCESIONARIA ESPA├æOLA, SAU",610
"VENTURA, ORXATA I GELATS, SA",318
"AUTOPISTAS CONCESIONARIA ESPA├æOLA, SAU",609
"FRESENIUS MEDICAL CARE ESPA├æA, SA",317
"CAMPSA ESTACIONES DE SERVICIO, SA (MARGE DRET)",610
"PETROLIS INDEPENDENTS, SL",610
"DESGUACES TRECE, SL",317
"GREEN PLANET EVENTS, SL",317
JUNTA DE COMPENSACI├ô DEL PLA PARCIAL DEL POL.IND.VALLDERIOLF,317
"CAMPSA ESTACIONES DE SERVICIO, SA (MARGE DRET)",610
"GREEN PLANET EVENTS, SL",317
EDAR LES CASES NOVES,463
"VINICOLA DEL PAIS, SAU",254
INCASOL,247
"SALA RIBALTA, XAVIER",252
AJUNTAMENT DE CALDERS - NUCLI CALDERS,251
"PALLAR├êS ICART, EDUARD",253
"JAUME ESCAYOLA I CI├ô, S.L.",254
"IBERPOTASH, SA  - MINA SALLENT",264
"RESTAURANT VISTA PIRINEU, SCP",251
"RESTAURANT URBISOL, SL",252
"RESTAURANT CAN NET, SL",340
"CAN RIERA DE CIURET, SL (CAMPING I CASA DE COL├ÆNIES)",340
"FISA RECUBRIMIENTOS, SA",341
ENTITAT URBAN├ìSTICA DE CONSERVACI├ô DEL POL. IND EL MOLINOT,334
"REPSOL COMERCIAL DE PRODUCTOS PETROLIFEROS, SA (EE/S 15.180)",332
"COPERFIL OBRAS Y SERVICIOS, SA",334
"ESTACI├ô DE SERVEI VALLGORGUINA, SL",333
"TALLERES PENA, SL",345
"GIVAUDAN IB├ëRICA, SA",612
"SOREA, ETAP CAN SANS DE SANT CELONI",340
"RANKE QUIMICA, SA",345
"ARKEMA QU├ìMICA, SAU",334
"LA LLUNA DE CAN CASTELLAR, SL",333
"AUTOPISTAS CONCESIONARIA ESPA├æOLA, SAU",334
"SOCIEDAD ESPA├æOLA DE CARBUROS METALICOS, SA",345
"CAN CLARENS, SL",333
"LLAR D'INFANTS GRANOTA, SL",333
"INFRAESTRUCTURES VIARIES DE CATALUNYA, SA",
"INFRAESTRUCTURES VIARIES DE CATALUNYA, SA",
"RESTAURANT CAN RASPALL, SCP",316
"GRANJA ESCOLA EL XALOC, SL",248
AJUNTAMENT DE CASTELLNOU DE BAGES,246
"L'ANEC 5 AGLANS, SCP",249
"DENSO BARCELONA, SA",244
"CAPATEST, SL",244
"VALLEJO FIDALGO, E.MIQUEL",250
"IBERICAR CADI, SA",244
"FARMABAN, SA",244
"PRECUITS, SL",244
"AGROPECUARIA CATALANA, SCCL",244
"HERMANOS PRATGINESTOS, SA",244
"A. RAYMOND TECNIACERO, SAU",245
"SUPERMERCADOS LLOBET, SA",244
"FUNDICION PUJOL MUNTALA, SA",244
BASTOS & TORVAL S.L.,247
"DISCBAGES, SL",244
"GRANJA PORTA, SCP",244
FUNDACI├ô AMPANS,245
"CARRERAS GRUPO LOG├ìSTICO, SA",132
"AUTOGR├ÜAS SANT JORDI, SL",132
"FINDLAY INDUSTRIES ESPA├æA, SL",132
"AUTOGR├ÜAS SANT JORDI, SL",132
AJUNTAMENT DE SANT LLOREN├ç D'HORTONS,131
"ALDI MONTORNES SUPERMERCADOS, SL",132
"AFFINITY PETCARE, SA",132
"VOLCATALAN, SA",132
AJUNTAMENT DE SANT LLOREN├ç SAVALL (URB. LES MARINES),295
DIPUTACI├ô DE BARCELONA - MARQUET DE LES ROQUES,295
AJUNTAMENT DE SANT POL DE MAR (CENTRE DE RECOLLIDA SELECTIVA),329
AJUNTAMENT DE SANT POL DE MAR (CARRER BON REP├ÆS),
"INFRAESTRUCTURES VIARIES DE CATALUNYA, SA",
"FORMIGONS LA VALL D'EN BAS, SLU  -FORBAS-",486
"ENDESA GENERACION, SA  -C.H. CARBUROS MONTESQUIU-",484
"EDMUNDO BEBI├ë, SA",485
EDAR POL├ìGON INDUSTRIAL LA TEULERIA  (SORA),483
EDAR SANT QUIRZE DE BESORA,483
"SODECA, SLU",483
"ESPAI NATURAL SANT DEL FAI, SL",309
"COL├ÆNIES ROSA DELS VENTS, SA (MAS BAD├ô)",311
AJUNTAMENT DE SANT QUIRZE SAFAJA,310
URBANITZACIO DE SANT MARTI SESPERXES,309
"PUIG SANTASUSANA, JOSEP",309
ANTONI MONTA├æA MORET├ô,456
"CA LA ROTLLADA, SL",457
"LATORRE RIU, M. DOLORS  -CASA COL├ÆNIES-",457
"ANGLADA PUIGCERVER, JORDI -FORMATGERIES DE CANTONIGR├ÆS-",457
"COLOMER LLACH, PERE",472
AJUNTAMENT DE MALLA  -EDAR SECTOR RIERA DE MUNTER-,472
"ESPORC, SA",471
"DESBALLESTAMENTS POL, SL",471
RWE INNOGY IBERIA SLU,364
"TYLER, PAUL",360
"SANS BRANDED APPAREL, SL",360
"RECUPERAUTO PALAFOLLS, SL",331
AJUNTAMENT DE RIUDARENES - ZONA ESPORTIVA,374
"SERVEIS MUNICIPALS DE RIUDARENES, SA",374
"AREAS, SA  (├ÇREA DE LA TORDERA)",
ROSA TARR├ëS FERRER,352
"SERVEIS MEDIAMBIENTALS DE LA SELVA, NORA, SA -ABOCADOR DE RESIDUS-",374
AJUNTAMENT DE FOGARS DE LA SELVA,360
"CRODA IB├ëRICA, SA (MEVISA SITE)",360
"PALOU MIR, LURDES",365
"RECUPERAUTO PALAFOLLS, SL",331
"SERVEIS MEDIAMBIENTALS DE LA SELVA, NORA, SA -ABOCADOR DE RESIDUS-",374
"RECUPERAUTO PALAFOLLS, SL",331
"SERVEIS MUNICIPALS DE RIUDARENES, SA",374
CEDIPSA E.S.MALGRAT (2579) DIRECCI├ô BCN,
"EL CLOS DE CAN ROQUET, SL",363
"SUREDA NOGU├ë, JOSEP (GARATGE SUREDA)",374
"MADERERA GERUNDENSE, SA",374
ALEXANDRALOG SPNE02 SL,360
"NAVARRETE VILCHEZ, TOM├ÇS  -RESTAURANT CAN CABATX├ô-",374
"MAS MAROTO HERMINA Y CIA, CB",374
TESCA SPAIN BARCELONA S.L.U.,360
"CORCHO DEL PAIS, SA",374
"SERVEIS MUNICIPALS DE RIUDARENES, SA",374
"MENADIONA, SL",331
"SAURA CARLES, MONTSERRAT",
ASOCIACION RECREATIVA CULTURAL FAMILIAR TORDERA PARK,361
"CRODA IB├ëRICA, SA (MEVISA SITE)",360
"CITRICOS Y REFRESCANTES, SA",361
AJUNTAMENT DE TORDERA - VE├ÅNAT DE ST. DANIEL,330
"SUCESORES DE F. MASENS, SA",
"E.S.TORDERA KM.684, SL",362
"C├üRNICA BATALL├ë, SA",374
"MASIA MONTCORP, SL",375
"UNITEX, SA",360
"INICIATIVAS NAMBE, SL",374
"CERVERA CORTADA, MANEL (CAMPING MONTSENY)",337
"BUSQUETS VALDEVELL, MARIA TERESA",338
"UNG├ë MARIAGES, MARC",335
FUNDACIO CATALANA DE L'ESPLAI - ESCOLA LA TRA├£NA,337
"AIG├£ES VALLFLORIDA, SLU",339
"PUIG DEUMAL, REMEI (CAMPING LES ILLES)",336
"PUIG DEUMAL, REMEI (CAMPING LES ILLES)",336
"E.ON GENERACION, SL (CENTRAL TERM. DE CERCS)",278
"PEIXOS POVILL, C.B.",278
"E.ON GENERACION, SL (CENTRAL TERM. DE CERCS)",278
"E.ON GENERACION, SL (CENTRAL TERM. DE CERCS)",278
EDAR LA NOU DE BERGUED├Ç,278
"ROVIRA CLOTET, JESUS (CAMPING MASIA CAL PARADIS)",223
"AMANN SPAIN, SL",221
"RECUBRIMIENTOS Y MOLDEADOS, SA - REMOSA",220
EDAR POLIGON INDUSTRIAL LA POBLA - AJUNTAMENT DE S├ÜRIA,218
"RECUBRIMIENTOS Y MOLDEADOS, SA - REMOSA",220
"ESTACI├ô DE SERVEI TROY PAL├Ç, SL.",219
AJUNTAMENT DE SANT MATEU DE BAGES (SANT MATEU DE BAGES),222
ACONDICIONAMIENTO TARRASENSE (LEITAT),117
"LLOC NOU, SCCL",117
"PRUDENCIA ANDA BALLESTA,MIGUEL ROVIRA GALIMANY,MIGUEL I MARTA ROVIRA ANDA",116
SAGRADA FAMILIA DE URGEL-INSTITUTO HERMANAS CURIA,116
"FERR├ë ROIG, ARMONIA",116
"AUTEMA, SA",115
"AUTEMA, SA",115
"GABINETE DE ASISTENCIA A LA CONSTRUCCION, S.L",117
CONSORCI GESTI├ô RESIDUS URBANS D'OSONA -DIP├ÆSIT CONTROLAT-,482
"C├ÇMPING DE VIDR├Ç, SA",477
"ROVIRA BAUCELLS, IMMA",480
ESCOLA FAMILIAR AGRARIA MAS QUINTANAS,476
"TALLERS MECANICS CASANOVA-CAPDEVILA, SL",481
CONSORCI GESTI├ô RESIDUS URBANS D'OSONA -DIP├ÆSIT CONTROLAT-,482
CONSORCI GESTI├ô RESIDUS URBANS D'OSONA -DIP├ÆSIT CONTROLAT-,482
"TRIPLASSA LA MAMBLA, SA",482
EDAR DE CAN BRANQUES -OR├ìS-,481
"GARCIA GINEBRA, JOSEP M -CASA COLONIES-",479
LA FARGA YOURCOPPERSOLUTIONS SA,476
"RESTAURANT PIGUILLEM, SL",478
"SEGURA VIUDAS, SA",145
RESTAURANT EL MOL├ì BLANC,146
"DS SMITH PACKAGING PENEDES, SA",146
"CELLER PARDAS, SL",146
"LOGIVIT, SL",601
"SEGURA VIUDAS, SA",145
MANCOMUNITAT INTERMUNICIPAL PENED├êS I GARRAF,148
"PAGES DE ROFES, SL",149
"DS SMITH PACKAGING DICESA, SA",147
"BCNONWOVENS, SL",147
ENTITAT DE CONSERVACIO DEL PLA PARCIAL CAN TORRELLA,175
"MODELAUTO CASH, SL",417
"MODELAUTO CASH, SL",417
FUNDACIO VEDRUNA CATALUNYA EDUCACIO -ESCOLA BEDRUNA GIRONA-,418
"INVERSIONS PETROLIFERS, SL",472
"VESPELLA D'ESPLAI, SL  -CASA DE COL├ÆNIES-",465
"PERE VILA CARBONELL, SL",467
"GESDIP, SAU",472
"SOL├Ç SABORIT, SL",469
"LA BOIXEDA, S.L -CASA TURISME RURAL EL MAS-",470
"NAVARRO PEREZ, ANGEL",466
AJ. DE SANT JULI├Ç DE VILATORTA (SANT JULI├Ç DE VILATORTA),470
"COMERCIAL AYMERICH, SA",470
"RAE CHO, BEOM -CLUB GOLF TARADELL-",470
"FUEGO VITAL, SL",616
"CASTELLS SALVANS, RAMON",468
"AUTOSUMINISTRES MOTOR, SA  -VIC-",470
FUNDACI├ôN PROYECTO Y VIDA,470
"ROURA ANGLADA, SA  -ROANSA-",470
"YLLA 1878, SL",466
"CAMPSA ESTACIONES DE SERVICIO, SA",180
ASOCIACI├ôN RETO A LA ESPERANZA,177
"FICOSA ELECTRONICS, SLU",179
M├ÜTUA DE TERRASSA,179
ESTACIO DE SERVEI JORBA,168
AJUNTAMENT D'├ÆDENA  - NUCLI L'ESPELT,164
"VILELLA CORCELLES, RAFAEL",161
"GUIXOS CANALS, SL",167
"C. GIL, SA",164
"FAST ENGINYERIA, SL",160
ASSOCIACI├ô PARCS D'ESTUDI I REFLEXIO DE CATALUNYA,163
FUNDACI├ô CATALANA PER L'ESPORT DEL MOTOR,160
FUNDACI├ô CATALANA PER L'ESPORT DEL MOTOR,160
"CERAMICA SAN GENIS,SA",165
"GESTORA DE RUNES DE LA CONSTRUCCI├ô, SA",166
"GUIXOS CANALS, SL",167
AJUNTAMENT DE RUBI├ô (RUBIO),169
"ATLAS GESTION MEDIOAMBIENTAL, SA",160
"GRUAS Y PORTAVEHICULOS PEDRO, SL",164
"SAGARRA BASCOMPTE, S.A.",162
INCASOL,159
"EGARA 2005, SL - ES VIDRERES -EGARA",372
"PREMIUM MIX GROUP, SL",367
SA VICHY CATALAN,367
"FARRE LOGISTICS, SL",367
EDAR MOLL├ô,505
CLUB DE GOLF CAMPRODON,506
"MOVIL, SA  -E.S. CAMPRODON-",503
CAN PERIC├ô (BEATRIZ ORIOLA-CORTADA SALVADORES),504
TERESA MORET GARDELL (MAS COLLELL),504
"VALLTER, SA",508
"CAMPING LA BALMA, SL",459
"PATEL, SAU",580
"CONFIGIRONA, SA",443
"HOSTALERIA CROVI, SL",594
"SERVEIS MD-PRINCIPAT, SL  -HOSTAL CAN ENRIC  ""LA CANTINA""-",462
"EXIDE TECHNOLOGIES RECYCLING, SL",444
"AGUAS DANONE, SA  -MANANTIAL FONTER-",448
"SERRADORA CUNILL, SLU",448
FUNDACI├ôN SALUD Y COMUNIDAD  -CENTRE TERAP├êUTIC-,461
FUNDACI├ô SANT PERE CLAVER DEL CLOT  -COL├ÆNIES TERESA ESPONA-,461
FUNDACIO CATALANA DE L'ESPLAI -CASA COL├ÆNIES CAN MATEU-,454
"HORNO DE SAN JUAN, SL -SANT JULI├Ç DEL LLOR I BONMAT├ì-",615
"ENDESA GENERACI├ôN, SA  -C.H. SUSQUEDA-",452
"BALDHERI, SL",452
"ENDESA GENERACION, SA  -C.H. SAU-",454
FUNDACIO CATALANA DE L'ESPLAI -CASA COL├ÆNIES CAN MATEU-,454
"GWENA├ïLLE GAUTIER, MA├ÅNA",581
"PUJOL GEBELLI, DAVID  -CASA DE COL├ÆNIES LES TALLADES-",454
"LABORATORIOS HIPRA, SA  -CIAMER-",448
EDAR BONMAT├ì,443
"VIDAL ROQUET, JAUME -C├ÇMPING MOL├ì DE BOJONS-",462
"PONS ANGLADA, LLUIS",455
"ENDESA GENERACION, SA  -C.H. PASTERAL  II-",445
"AIGUA DEL MONTSENY, SA - MANANTIAL AIGUANEU -",459
"EUROAYCA, SL  -CLUB DE POLO SANT ANTONI DE VILADRAU-",460
"SERRA BAY├êS, JOSEP",458
"SERRA Y MOTA, SA",445
"LIQUATS VEGETALS, SA",460
"ENDESA GENERACION, SA - PRESA DE SUSQUEDA",453
"FOREST CAPDEVILA, MART├ì  -CASA DE COL├ÆNIES LA MINA-",446
"AQUARIOS HOTELERA, SA  -C├ÇMPING AQUARIUS-",
"CER├üMICAS PR├ìNCEP, SL",595
"TENENCIAS FIGUERENSES, SA - CLUB DE TENIS FIGUERES",507
"DESBALLESTAMENTS POT, SC",525
"ESTACI├ô DE SERVEI AVINYONET, SL",528
"PASCUAL MERCADER, JOAQUIM - LACTICS TRAMUNTANA-",530
"PRAT PLANAS, LLU├ìS  -TURISME RURAL MAS JONQUER-",527
"TRANSPORTES CALSINA CARRE, SL",522
"├üRIDOS FIGUERAS, SA",525
"AUTOPISTAS CONCESIONARIA ESPA├æOLA, SAU",529
"GABARRE FLORES, FRANCISCO",507
"VALL DE SANTA MAGDALENA, SA",524
"EUROPEA DEL HOGAR Y LA LIMPIEZA EUROLAR, SL",530
"EDIFICIS EMPORD├Ç, SA",525
"MOLI PARK HOTEL, SL",523
"FRIGOR├ìFICS DE L'EMPORD├Ç, SA  -FRIDASA-",525
"DESBALLESTAMENTS POT, SC",525
"ENDESA GENERACION, SA   -C.H. BOADELLA-",524
FUNDACI├ô PRIVADA ALTEM,526
AJUNTAMENT DE SANTA LLOGAIA D'├ÇLGUEMA - POL.IND.5 P.P. 1,595
"TRANS GRUES FONT, SL",595
"DOMAX, SL",525
"AUTOPISTAS CONCESIONARIA ESPA├æOLA, SAU",522
"VALLS AUTOMOCIO, SL",349
"POLIESTER NAUTIC, SL",348
"EXCAVACIONS ROSELL, SL",348
"INDUSTRIA AUXILIAR CARROCERIAS, SL",349
POL├ìGON INDUSTRIAL PONT CREMAT,349
"PMT-EUROPE, SL",348
"PMT-EUROPE, SL",348
"SELVAVENTURA, SL",347
"TAPISSERIA BATALLE, SL",349
"EXCAVACIONS ROSELL, SL",348
"IMAR SANT HILARI, SL",349
"EXPLOTACIONS TUR├ìSTIQUES CYPSELA, SA  -C├ÇMPING CYPSELA-",
"TRACTAMENTS I SERVEIS AMBIENTALS VILA, SL",411
"TRACTAMENTS I SERVEIS AMBIENTALS VILA, SL",411
"SALVADOR SERRA, SA",411
"DECOLETAJE Y TORNILLERIA, SA  -DYTSA-",413
CONSORCI DE L'ESTANY,412
"TARR├ëS MORRAL, MANUEL",408
"SALVADOR SERRA, SA",411
CONSELL COMARCAL DE LA GARROTXA -DIP├ÆSIT CONTROLAT BEUDA-,618
"TRANSPORTES PRUJ├Ç, SA",557
"C├ÇMPING BESAL├Ü, SL",555
CONSELL COMARCAL DE LA GARROTXA -DIP├ÆSIT CONTROLAT BEUDA-,618
"CAL PARENT RESORT, SL",556
"L.C. PAPER 1881, SA",557
"HECINEMAX, SA  -PENSI├ô CAN SEROLA-",553
"RESTAURANT SANT FERRIOL,  SL  -HOTEL SPA SANT FERRIOL-",558
"ALBA SERVEIS EDUCATIUS, SL",554
"RETEVISI├ôN I, SAU  -ROCACORBA-",410
"EL MARGARIT DE ST. GREGORI, SL",440
CASADEMONT 1956 MEAT SL,443
"EMBUTIDOS SABAR├ì, SL",441
"PUIG POCH, ├ÇNGEL",442
"CASA WESTFALIA,SA",388
"RECUPERACI├ô DE PEDRERES, SL -DIP├ÆSIT CONTROLAT VACAMORTA-",389
"CER├üMICA FERR├ëS, SL",390
"FA├æ├ë CARBON├ëS, JAUME",387
"COL├ÆNIES R V, SA  -CASA DE COL├ÆNIES POU DE GLA├ç-",387
"CAMPS MOTOR, SA",388
"TORRENT CUF├ì, FRANCESC  -MAS PATIR├ÇS-",388
"RECUPERACI├ô DE PEDRERES, SL -DIP├ÆSIT CONTROLAT VACAMORTA-",390
COMUNITAT DE VE├ÅNS MAS GUELO,
"CER├ÇMIQUES LA PE├çA, SC",358
"ARCILLAS DE BREDA, SA",358
"GERMANS MONTSANT, SC (RESTAURANT BELL-LLOC)",359
"CAN PIJAUME, SL",614
"HOSTAL MARLET, SC",359
"LAROMAINE I DILME, SL",421
"GERMANS CA├æET-XIRGU, SL",421
"CEDINSA D'ARO CONCES. DE LA GENERALITAT DE CATALUNYA,SA",431
JUNTA DE COMPENSACIO DE FONT BONA  (EDAR I COL┬ÀLECTORS DE FONTBONA),378
"MARIA CRUZ MIMBRERA I ALTRES, CB -TURISME RURAL MAS SERENA-",430
"MAS GIL, SL  -CLOS D'AGON-",384
AJUNTAMENT DE CASS├Ç DE LA SELVA,432
"RECUPERACIONS MARCEL NAVARRO I FILLS, SL",430
"GEST OIL CENTER, SL",421
"DCD TALLER AMBIENTAL, SL -CASA TURISME RURAL CAN PIFERRER-",433
"2 GRAUS 2009, SL -RESTAURANT MAS TARR├ë-",431
"ROGET AUTOMOCI├ô, SL-GARATGE ROGET-",430
"NOEL ALIMENTARIA, SAU  -CENTRES 1 I 4-",544
ETAP DE CASTELL-PLATJA D'ARO,383
"MIRFER, SA",
"CONSTRUCCIONS ENRIC RUSCALLEDA, S.L",380
"PARCS AQU├ÇTICS DE LA COSTA BRAVA, SL  -AQUADIVER-",
CONSORCI CONDIC. I GESTIO COMPLEX TRACT. RESIDUS DE SOLIUS,379
"PARCS AQU├ÇTICS DE LA COSTA BRAVA, SL  -AQUADIVER-",
ETAP DE CASTELL-PLATJA D'ARO,383
"MUGADAS, SLU",
"MIRFER, SA",
"REPSOL COMERCIAL DE PRODUCTOS PETROL├ìFEROS, S.A",381
"RIDELBAMAR, SL",
LLOGUERS TOLEDO CB,382
"SOL├Ç COSTA, PILAR",381
"EMBUTIDOS MONTER, SLU  -PLANTA SERINY├Ç-",560
"FRIBEL, SA",
CEDIPSA,574
"PETROPALOL, SL",409
"C├ÇMPING ESPONELL├Ç, SL",566
"CASA ANAMARIA RESORT, SLU -HOTEL CASA ANAMARIA-",570
"PRAT POLIESTER, SL",567
"FARBOS LLEVANT, S.L.",
"F├ÇBREGA BONADONA, SL",565
"PLASTIARMETSA, SA",413
"PETRO PALOL, SL",409
"AUTOPISTAS CONCESIONARIA ESPA├æOLA, SAU",573
"TUBERT LLENSA, ARTUR  -RESTAURANT CAL FERRER-",561
CEDIPSA   -E.S. 33.821 PONTOS I  I PONTOS II-,573
"ENDESA GENERACION, SA  -C.H. LES ILLES-",562
SAT N  3021  -L'ARMENTERA FRUITS N 345 CAT-,577
CEDIPSA,574
"MASIAS CODINA, CARLES  -C├ÇMPING MASIA CAN PATXET-",563
"POSIBLEMENTE LA MEJOR CASA RURAL DE GIRONA, SL -TURISME RURAL-",571
"RESID├êNCIA ELS CIRERERS, SL",407
"ALSINA BARCEL├ô, RAMON  -MAS GIFREU-",573
"RESIDENCIA PLA DE MART├ìS, SCCL",567
"POLIESTER PLA DE L'ESTANY, SL",567
CONSELL COMARCAL DE L'ALT EMPORD├Ç,576
"MAS CUCUT, SCP",569
"MAR RICO, SL  -RESTAURANT SANTA ANA-",573
AJUNTAMENT DE VILOPRIU (EDAR I COL. DE VALLDAVI├Ç),
AJUNTAMENT DE PALAU DE SANTA EUL├ÇLIA EDAR 3 (ZONA NORD),575
EDAR URB. SECTOR ELS PRATS  (VILADEMULS),406
"LIDEROU, SL",559
"FAJULA - PEDRO, SL  (E.S. N├ÜM 10957)",
"ESCORXADOR VILA DE L'ARMENTERA, SL",577
FUNDACI├ô ESPLAI GIRONA  -CASA DE COL├ÆNIES ELS ARCS-,562
"INDUSTRIAS DEL ENVASE Y CONTRACHAPEADOS, SA (IDENCO)",
"GRUES FONT GARATGE, SL",
"AGRICOLA RAMADERA LES ANGLADES, SCP",568
AREAS SAU  -├ÇREA DE L'EMPORD├Ç 2018-,574
EDAR URB. SECTOR ELS PRATS  (VILADEMULS),406
"ENDESA GENERACI├ôN, SA  -C.H. ORFES-",572
"├ÇRIDS GERMANS CURANTA, SA",
"SOCIETAT CATALANA DE PETROLIS, SA  -E.S. BELLCAIRE D'EMPORD├Ç-",
AJUNTAMENT DE VILADEMULS (NUCLI DE VILAFRESER),404
ENRIC PLADEVALL VILA,
"RESANGI, SL",564
"RESANGI, SL  -SANTUARI SANTA MARIA DEL COLLELL-",565
"DIP├ÆSIT DE RUNA TERRA NEGRA, SL",
"BRITLI, SL   -C├ÇMPING LAVA-",619
CEDIPSA   -E.S. 33.821 PONTOS I  I PONTOS II-,573
"COLOMER, PLANAS, GEN├ìS JORDI",400
"ECCOCIWINE, SL",403
EDAR JUI├Ç,404
"SERVEIS LA PERA, SL",402
FUNDACI├ô PRIVADA RESILIS,404
"RESTAURADORS GERODA, SL -RESTAURANT D'EN BAHI-",402
"CUINATS JOTRI, SL",404
"CASADELLA QUER, ESTEVE",579
"SARAS ENERGIA, SA",404
ESCOLA DE NATURA MAS PAG├êS,401
EDAR FLA├çA,402
"TERREAL ESPA├æA DE CERAMICAS, SAU",402
"ROUSSELOT GELATIN, SL",405
"GONZALEZ COVAS, JUAN",404
"HOTEL-RESTAURANT SAUSA, SL",401
ESPECIALIDADES ELECTRICAS ESCUBEDO SAU,414
"GENERAL GALV├ÇNICA GIRONINA, SL",414
"LUTECAF, SA -SANTS METGES HOTEL-",414
"CENTRE DE JARDINERIA SANT NARC├ìS, SL",435
"COMPA├æIA LOGISTICA DE HIDROCARBUROS CLH, SA",435
MONBAKE GRUPO EMPRESARIAL S.A.U.,437
"PAPELERA DE SARRIA, SL",415
"COMPA├æIA LOGISTICA DE HIDROCARBUROS CLH, SA",435
"AUTOPISTAS CONCESIONARIA ESPA├æOLA, SAU",414
"PROJOSMAN, SA",414
"CAMPSA ESTACIONES DE SERVICIO, SA  -E.S. PALOL-",414
"GIR├ô BARELLA, EDUARDO",415
"TORRASPAPEL, SA  (SARRI├Ç DE TER)",415
"TORRASPAPEL, SA -CENTRE LTC-",415
"FRIGOR├ìFICS DE L'EMPORD├Ç, SA  -SALT-",436
"AUTOPISTAS CONCESIONARIA ESPA├æOLA, SAU",436
"ROURA PASCUAL, N├ÜRIA",416
"ECOGIRONINA DE DIP├ÆSITS, SL",435
"NESTL├ë ESPA├æA, SA",438
"CONSTRUCCIONES RUBAU, SA",414
ESPECIALIDADES ELECTRICAS ESCUBEDO SAU,414
"AUTOPISTAS CONCESIONARIA ESPA├æOLA, SAU",373
"APLICA, SL (E.S.VIDRERES - MARGE DRET)",372
AJUNTAMENT DE CALDES DE MALAVELLA  (URB. CAN CARBONELL),368
"TRETY, SA",373
"DEUTSCHER SHAFERHUND CENTER, SL",370
JUNTA DE COMPENSACIO PLA PARCIAL SECTOR LA GOBA DE VIDRERES,369
"GRUAS VI├æOLAS, SL",373
"SISMANDELFOS, SL",372
"COL├ÆNIES ROSA DELS VENTS, SA",368
"T 500 PURATOS, SA",366
"ESTAMPADOS GASERANS, SL",353
"COMPA├æIA ESPA├æOLA DISTRIBUIDORA PETROLEOS, SA  (E.S.GASERANS I-II)",613
"ASDARA MOBILIARI, SA",353
"OUTILS WOLF ESPA├æA, SL",354
"BAGU├ë SALV├Ç, DOLORS -RESTAURANT ELS CORTALS DEL MIG-",350
"RETAL IBERIA, SLU",613
"PERXIST├ô, SL",353
AJUNTAMENT DE SANT FELIU DE BUIXALLEU,351
"MAS MERCADER, NARCIS",352
"GASERAN, SA",353
"RESERVAT 2000, SL",351
"RECUPERACIONS MASNOU, SL",353
"GASERAN, SA",353
"SISTEMAS T├ëCNICOS DE ENCOFRADOS, SA",353
"GOHER TEXTIL CALELLA, SA",352
"COMPA├æIA ESPA├æOLA DISTRIBUIDORA PETROLEOS, SA  (E.S.GASERANS I-II)",613
AJUN.SANT FELIU BUIXALLEU(EDAR I COL.EL DUCAT DEL MONTSENY),354
AJUNTAMENT DE SAT FELIU DE BUIXALLEU - EDAR URB. CAN NOGUERA,353
"LAMITOR, SA",353
AJUNTAMENT DE SANT FELIU DE BUIXALLEU,353
"PLUS-FELT, SL",353
"VILA VILLAGE, SCP (CAMPING ELS PINS)",353
"ACIN COSTA BRAVA, SL",353
"FERRER INTERNACIONAL, SA",353
"FUSTERIA GURDO, SL",353
"MONTSENYSER, SL  -HOTEL VILAR RURAL DE SANT HILARI-",350
"GOHER TEXTIL CALELLA, SA",353
"CONCERTO D├ëVELOPPMENT IBERICA, SL",353
"COMPA├æIA ESPA├æOLA DISTRIBUIDORA PETROLEOS, SA  (E.S.GASERANS I-II)",613
"IMPRO LACORTE, SL",353
"CUMANERA WONDER, SLU",521
"AUTOPISTAS CONCESIONARIA ESPA├æOLA, SAU",519
"AUTOPISTAS CONCESIONARIA ESPA├æOLA, SAU",519
"TP FERRO CONCESIONARIA, S.A",520
EDISTRIBUCION REDES DIGITALES SL -SE LLAN├ç├Ç-,513
"GBI SERVEIS, SAU - DIP├ÆSIT CONTROLAT I CTRM DE LLORET DE MAR",
"RAURELL VALLS, JOSEP  -TALLER LES ALEGRIES-",
EDISTRIBUCION REDES DIGITALES SL -SE LLORET-,
"PARCS AQU├ÇTICS DE LA COSTA BRAVA, SL  -WATER WORLD-",
"ESTEBAN ESPU├æA, SA  -PLANTA PERNIL CURAT-",536
"CODERCH PRUN├ëS, MARTA",534
COMUNITAT SALESIANA GIRONA,535
LA FAGEDA FUNDACI├ô,619
"NOEL ALIMENTARIA, SAU - PLANTA SANT ESTEVE D'EN BAS-",531
"FRANCISCO PUIGVERT, SL",536
"CLOTA DURAN, LLUIS",532
COM.PROP.NAUS INDUSTRIALS D'OLOT A VIC,531
"CONSTRUCCIONES H. HERRERA, SL",532
"CONSTRUCCIONES H. HERRERA, SL",532
"PLASFUR, SA",537
"CARNS I EMBOTITS GARROTXA, SA",531
"MOL├ì EL FERR├ë, SC",596
AJUNTAMENT DE LES PRESES - PISCINA MUNICIPAL,533
"RESERVES EXPERIENCIA RURAL, S.L.-TURISME RURAL-",619
"ESTEBAN ESPU├æA, SA  -PLANTA MULTIPRODUCTE-",538
"JOCS L'ESCALA, SL - KARTING L'ESTARTIT-",
"LUOK, SL -CASA FONTANA-",396
"CREIXELL, SA",395
C.C. DEL BAIX EMPORD├Ç (CENTRE ACOLLIDA ANIMALS),395
"CASA DARN├ëS, SA",
"PERE GIRALT SAGRERA, SA  -PLANTA RECICLATGE-",395
"AV├ìCOLA MARIA, SA",395
"C├ÇMPING BEGUR, SL",
"CASA DARN├ëS, SA",
PLA-GIRIBERT & TORRES CIA CB  -MAS ISERN-,394
"INICIATIVAS TUR├ìSTICAS, SAU  -C├üMPING EL DELF├ìN VERDE-",
"ASSIST├êNCIA COSTA BRAVA, SL",395
"ARENALES DE MAR, SA -GOLF SERRES DE PALS-",396
"AUTOPISTAS CONCESIONARIA ESPA├æOLA, SAU",517
BASE GENERAL ALVAREZ DE CASTRO,518
"MORENO SERRANO, IVAN  -DESBALLESTAMENTS MORENO-",523
"TEXPLAN, SA",449
"TEXPLAN, SA",449
"ARNAU ARNAU, JOSE  -GRANJA FONTANIL-",449
"VI├æALLONGA BERTRAN, JORDI",450
"CAMPING MOL├ì DE VILAMALA, SC",449
SERVEIS GASTRONOMICS S J S.C.,451
"CIA.ESPA├æOLA DISTRIBUIDORA PETROLEOS, SA -E.S. 34.195-",
"GESTI├ô DE COL├ÆNIES, SL",494
MARISTAS HERMANOS PROVINCIA L'HERMITAGE -ALBERG LA FARGA-,497
"RESGUARD DELS VENTS, SL  -HOTEL RESGUARD DELS VENTS-",493
FUND. EDU. TIEMPO LIBRE Y ACC. SOCIAL PERE TARR├ëS,495
"COLL SUBIR├Ç, GEN├ìS  -CAMPAMENT JUVENIL LA FARGA-",497
"AIGUES PUIGMAL, SL (RIBES DE FRESER)",493
FUNDACIO PRIVADA MAP,495
AJUNTAMENT DE GUALBA (NUCLI URB├Ç CAN PLA),346
CLUB CARAVANING AQUA ALBA,346
CLUB CARAVANING AQUA ALBA,346
"PARCET POU, SARA (RESTAURANT CAN QUEL)",357
DIPUTACIO DE BARCELONA - CENTRE D'INFORMACIO CAN CASADES,342
"GOMEZ BEDMAR, CONCEPCION",345
"CRUELLS MONTASELL, CB (RESTAURANT CAN CAMB├ô)",344
AJUNTAMENT DE CAMPINS (URBANITZACI├ô LES ESPLANES),344
FUNDACIO CATALANA DE L'ESPLAI - CAN MASSAGUER -,346
"ECOLOGIA QUIMICA, SA",346
"OXIRIS CHEMICALS, SA",345
EASTMAN CHEMICAL BARCELONA SL,346
"VICO AGUILAR, FRANCISCO",344
"FORESTAL CATALANA, SA",356
CLUB CARAVANING AQUA ALBA,346
"GOMEZ BEDMAR, CONCEPCION",345
AJUNTAMENT DE GUALBA - URB. LA LLOBREGOSA,343
"SANOFI AVENTIS, SA",355
"ESTACIONS DE SERVEI VIURA-GINESTA, SL",346
"AIGUA MINERAL DEL PIRINEU, SA  -FONT ARIAN-",492
"CAMBRAS CORRALIZA, JOAN",489
"CAMI├ô AUTO RIPOLL├êS, SL",489
"TORRES PALOU, MART├ì",491
"RIEMBAU, SCCL -RESTAURANT LA BARRICONA-",498
AGRUPACI├ô ESPORTIVA DEL RIPOLL├êS,499
ESCOLA DEL TREBALL DEL RIPOLL├êS -FUNDACI├ô EDUARD SOLER,488
AJUNTAMENT DE RIBES DE FRESER - BARRI SERRAT ROIG,492
"FONTAGA, SA",492
"TOM├ÇS FUENTES, DOLORS  -RESTAURANT LA CORBA-",492
"FONTAGA, SA",492
CONSELL COMARCAL DEL RIPOLL├êS,490
"RIPLEG, SA",498
CONSELL COMARCAL DEL RIPOLL├êS -ABOC.CLAUSURAT RIPOLL├êS-3,487
"POMPAS F├ÜNEBRES DEL RIPOLL├êS, SL",490
"RECHE CARMONA, CRISTINA",490
"FIBRAN, SA",500
"LA TEULER├ìA, SL  -RESTAURANT-",502
"PADR├ôS FAJULA, LLU├ìS  -MAS REPUNTX├ô-",502
"FIBRAN, SA   -FAB. PECES DE PL├ÇSTIC-",500
"MIQUEL GARDELL, SA",501
EDAR POL├ìGON INDUSTRIAL CAL GAT  (SANT JOAN DE LES ABADESSES),500
"C├ÇMPING ABADESSES, SL",502
"PGA GOLF DE CATALUNYA, SA",428
"FRIGOR├ìFICOS DEL NORDESTE, SA  -NORFRISA-",425
"FRIGORIFICOS UNIDOS, SA -FRIUSA-",425
"RESTAURANT CAN GENERAL, SL",425
"TAULER MUXACH, RICARDO (R.TAULER - A.S.2.498)",429
"AUTOPISTAS CONCESIONARIA ESPA├æOLA, SAU",424
AENA SME SA  -GIRONA COSTA  BRAVA-,424
JOAN GIRONES CAMPS,424
"GARATGE ESGLEYES, SL",424
"JIM├ëNEZ CARMONA, ENCARNA",427
SUPRACOMUNITAT PROPI. CIM LA SELVA,424
"FORMIGONS ALSINA, SL  -CAMPLLONG-",426
"FRIGOR├ìFICOS DEL NORDESTE, SA",425
"AREAS, SA  (A. DEL GIRONES)",425
"ECO-GIRONINA DE DEP├ÆSITS, SL",423
FUNDACIO PRIVADA MONA,424
DERMOT WILLIAM BRETT,419
"GENERAL DE GASOLINERAS, SL",424
"ECO-GIRONINA DE DEP├ÆSITS, SL",423
"JOAQU├ìM ALBERT├ì, SA",434
"FORMIGONS ALSINA, SL  -CAMPLLONG-",426
"FRIGOR├ìFICOS COSTA BRAVA, SA  -RIUDELLOTS DE LA SELVA-",424
"GALPGEST PETROGAL ESTACIONES DE SERVICIO, SLU -E.S GIRON├êS SUD-",425
"GALPGEST PETROGAL ESTACIONES DE SERVICIO, SLU - ├ÇREA DE SERVICIO DE GIRON├ëS",425
"CONSTRUCCIONS FUST├ë, SA  -RIUDELLOTS-",425
"BALLIU EXPORT, SA",429
"FRISELVA, SA",425
CONSELL COMARCAL DE L'ALT EMPORDA -DC + CTR PEDRET I MARZ├Ç-,514
CONSELL COMARCAL ALT EMPORD├Ç (DEIXALLERIA),514
"POLI├êSTER JM, SC",510
"OLIVERES I VINYES DE L'EMPORD├Ç,S.L",512
COMUNITAT USUARIS ABOCAMENT EDAR FAR EMPORDA,512
"CAN PIPA, SL",509
"VAILLS I FILLS 1969, SL -EXTRACTIVA MONTPERDUT 02-",516
AJUNTAMENT DE VILAMALLA,511
"PROMOCIONS GERISENA, S.A.",516
CONSELL COMARCAL ALT EMPORD├Ç (DEIXALLERIA),514
"ESTACI├ô SERVEI MASET, SAU  -E.S. PEDRET I MARZ├Ç-",516
"BODEGAS TROBAT, SA",516
"DISTRIBUCIONS FIGUERES, SL",516
"CAN PIPA, SL",509
"CAHORS ESPA├æOLA, SA",511
"FORNIELES DUR├Ç, JORDI",512
COMUNITAT DE PROPIETARIS LA RUBINA,
EDAR VILAMALLA,511
"CAN PIPA, SL",509
"BAQUE ESTEBE, JAUME -TURISME RURAL MAS PERE-PAU",515
"ESTACI├ô SERVEI MASET, SAU  -E.S. PEDRET I MARZ├Ç-",516
AJUNTAMENT DE SANT GREGORI - EDAR VE├ÅNAT DE LES CASES NOVES,439
"AGUAS DANONE, SA  -MANANTIAL SACALM-",447
"FRIGOR├ìFIC SANTA COLOMA, SLU",376
"CALES DE LLIERCA, SA",546
ASSOC D'AMICS DE SANT ANIOL D'AGUJA -REFUGI SANT ANIOL D'AGUJA,549
"EL PONT DE LLIERCA, SL  -C├ÇMPING MONTAGUT-",548
"PUJOL-GALCERAN DE VISA SITJAR, CARLES -C├ÇMPING-MASIA SADERNES-",550
"FRANCISCO PAG├ëS VALENT├ì, SA",545
"BOSCH DEL BES, S.C.P",551
"TRANS GRUES FONT, SL",547
"TRANS GRUES FONT, SL",547
"CALES DE LLIERCA, SA",546
"LORENZO RUA, HORACIO  -RESTAURANT LA MONGETA-",545
"DOMINGO JAN├ë, ANNA  -TURISME RURAL CAN ETXALDE-",552
"RAM├ôN VENTUL├Ç, SA  -OLOT ANTIGA MONVERVI-",537
"RAMON VENTUL├Ç, SA   -LA CANTINA-",539
"C├ÇMPING DE LA VALL DE BIANYA, SA",540
CASA RURAL - JORDI VAYREDA BOFILL,541
"SERRA PEREZ, CONCEPCI├ôN -RESTAURANT MASIA CAL SORDET-",544
"TORRASPAPEL, SA",617
AJUNTAMENT DE LA VALL DE BIANYA (CASAL JOVES),540
EULALIA NOGAREDA BURCH,578
"MERCADER MAS, OLGA -RESIDENCIA RURAL LA VIOLELLA-",544
"NOGAREDA BURCH, LLUIS",543
"HOTEL MAS LA FERRERIA, SL",578
"MIR BAG├ô, SCP",578
"HIJOS DE JOS├ë CASAPONSA, SA",543
"LLONGARRIU RURAL, SL -CAN COMA D'EN ROCA-",540
"RAMON VENTUL├Ç, SA  -LA VALL DE BIANYA-",542
"ENRIC JUNC├Ç, SL",540
"OLOT MEATS, SA",542
"ENDESA DISTRIBUCI├ôN, SL (SE SILS)",366
"MADERERA GERUNDENSE, SA",366
"LA SELVA, SL",366
"RUNES SALS├Ç, SL",371
AJUNTAMENT DE FOIX├Ç,399
"SA, LLENSA",371
"CABRERA NAVARRO, PERE",392
"PREBESEC, SA  -PLANTA DE COLOMERS-",398
MARTA CASANOVAS BOHIGAS,399
AJUNTAMENT DE VILOPRIU,397
"HERAS COLOMER, N├ÜRIA",371
AJ. SERRA DE DAR├ô - SISTEMA DE SANEJAMENT NUCLI DE SANT ISCLE,391
"EL GINEBR├ô DE VILOPRIU, SL",397
"PARETA PONSATI, MARTA",371
"CABRERA NAVARRO, PERE",392
CAN MUNNAR SC -EXPLOTACI├ô RAMADERA-,397
"ROCA BAZAN, CARLOS",377
COMUNITAT DE PROPIETARIS ARIES TOSSA  -URB. ARIES-,
ROSA BONADA PARES,420
"INNODUCKY, SL",420
"GERMANS CA├æET-XIRGU, SL  -EXTRACTIVA L'ALSINA-",422
AJUNTAMENT DE BRUNYOLA - POL├ìGON INDUSTRIAL CAN ILLUS,420
"TARRAG├ô RUIZ DE LA FUENTE, M. DE LAS NIEVES -CAN TORRA-",420
"MILLAN BLANCO, JOS├ë MARIA",423
"SANT DALMAI, SAU",422
"VALLS MUNTADA, JORDI",420
"SOLA BONET, JOSE",393
"PORDAMSA, SL",393
"ARROBA GANADERIA, SL  -GRANJA MAS MATEU-",393
"LLOBET COMES, BLAI",232
"TEXTIL OLIUS, SA (T.O.S.A.)",233
"CANTERAS LA PONDEROSA, SA - PEDRERA D'ALCOVER",35
"PINTURAS ROYBLAN, SL",35
AJUNTAMENT DE MONT-RAL (NUCLI AIX├ÇVIGA),36
FONDA RURAL CAL JOAN DEL BATLLE,240
"COLELL COMELLAS, CONCEPCI├ô",238
AJUNTAMENT DE G├ôSOL - ALBERG MOL├ì DE G├ôSOL,241
"CAMPING MORUNYS, SL",238
AJUNTAMENT DE G├ôSOL,241
AJUNTAMENT DE LA COMA I LA PEDRA,239
"CAMPING DE GOSOL, S.A.",241
EDAR DE MONTBRI├ô DEL CAMP,10
"VINYOLS-CAMP ECOAGRICULTURA I TURISME, SL",
"CERVERA AG├£ERA, ALBERTO",
"GESTORA DE RUNES DE LA CONSTRUCCI├ô, SA",10
"GRANJA CRUSVI, SA - MONTBLANC",45
"ARMENGOL ESTEVA, ESTEVE",44
AJUNTAMENT DE VIMBOD├ì,43
"SIMO DE PALAU, SL",45
"AREAS, SA  (├ÇREA DE MONTBLANC)",46
"AUTOPISTAS CONCESIONARIA ESPA├æOLA, SAU",45
"VIN├ìCOLA DE SARRAL I SECCI├ô DE CR├êDIT, COVISAL, SCCL",48
"CENTRE DE GESTI├ô MEDIAMBIENTAL, SL",47
"MANIPULADOS LORMA, SL",583
"MAHLE BEHR SPAIN, SA - PLANTA DE MONTBLANC",45
CEDIPSA - ESTACIO DE SERVEI MONTBLANC,46
"VERALLIA SPAIN, SA",45
"C.V. M├ëDICA, SL",48
CONSELL COMARCAL DE LA CONCA DE BARBER├Ç - CENTRE TRACTAMENT DE RESIDUS,47
"COMAIGUA, SL",9
"IBERMETALL (IB├êRICA DE METALLS I RECERCA, SA)",5
CONSORCI DE GESTI├ô DE RESIDUS MUNICIPALS DEL BAIX CAMP,7
"CAMPSA ESTACIONES DE SERVICIO, SA",6
EDAR LES BORGES DEL CAMP,8
"AUTOPISTAS AUMAR, S.A.C.E.",
"BUGADERIA INDUSTRIAL LES BORGES, SL",8
"REPSOL DIRECTO, SA",6
"AUTOPISTAS CONCESIONARIA ESPA├æOLA, SAU",40
"JUNCOSA GARZA, JORDI",51
"├ÇREA DE SERVEIS FRANCAS, SA",28
"SOCIEDAD ESPA├æOLA DE CARBUROS METALICOS, SA -  DIV. INDUSTRIAL",31
"PROMOU CT GEBIRA, SL",30
AJUNTAMENT D'ALCOVER (EDAR ROQUES ROGES),37
JUNTA DE COMPENSACI├ô SEC. TORRE STA M RESIDENCIAL,50
"SOCIEDAD ESPA├æOLA DE CARBUROS METALICOS, SA -  DIV. INDUSTRIAL",31
"ALCOVER QU├ìMICA, SL",37
"EUROPASTRY, SA - PLANTA DE VALLMOLL",29
"SCA HYGIENE PAPER ESPA├æA, SL",49
AJUNTAMENT DE VALLMOLL (EDAR PI EL MAS VELL),29
"SAICA NATUR NORESTE, SL",32
ESSITY SPAIN SL - PUIGPELAT 2,49
"LA VINICOLA MESTRE, SA",582
"MECANICA I PLANXA ALCOVER, SCP",37
"SCA HYGIENE PAPER ESPA├æA, SL (PUIGPELAT 1)",49
"GRUAS DE AUTOMOCI├ôN J. MAS, SL",14
"MORLA LORENZANA, FELIX SECUNDINO",13
"INDOCAR REUS, SCCL",15
"CHUBB IBERIA, SL",14
"CONTENEDORES REUS, SA",13
"├ÇRIDS I CONSTRUCCIONS GIL, SL",11
"TRADIA TELECOM, SAU - CENTRE DE TELECOMUNICACIONS DE MUSSARA",12
"HIERROS Y DESGUACES CUENCA, SL",19
"AFRUSE, SL",17
COMISSIO GESTORA URBANITZACIO PICARANY,16
"NANTA, SA",19
"DE ESPONA VILARRUBIA, CARLES",34
"PRESTACI├ôN Y CONSERVACI├ôN DE COLECTIVIDADES, SA - BUGADERIA",19
"PGI SPAIN, SL - PLANTA INDUSTRIAL",33
"APLICA, SL",17
JER├ôNIMO RUIZ G├ôMEZ,25
"CONTROL Y MONTAJES INDUSTRIALES CYMI, SA",31
"SILVALAC, SA (PLANTA PALLARESOS)",27
"CARATENOID TECHNOLOGIES, SA",26
AUTORITAT PORTU├ÇRIA DE TARRAGONA (TARRAGONA),
AUTORITAT PORTU├ÇRIA DE TARRAGONA (TARRAGONA),
"SERVEIS D'INCINERACIO DE RESIDUS URBANS, SA",25
AUTORITAT PORTU├ÇRIA DE TARRAGONA (TARRAGONA),
ADMINISTRADOR DE INFRAESTRUCTURAS FERROVIARIAS,28
"MEROIL, SA",
"NOVUS CAROTENOID TECHNOLOGIES, SAU",26
ENTITAT URBANISTICA CONSERVACIO PLA PARCIAL-8,
"AMBIENTES LUIS TORRES, SL",25
"GOM├Ç-CAMPS, SAU - FACTORIA 1",42
"MORA Y GOMA, SA",41
"MULTIESTACIONES 2014, SL - E.S. VALLS",38
"ALBRIC, SA",40
FUNDACI├ô PRIVADA RESILIS - MAS RODON,39
"DOMINGUEZ VAZQUEZ, ROSER (PETIT BAR CRAM)",42
AJUNTAMENT D'ALCOVER (EDAR ROQUES ROGES),37
"IBERBOARD MILL, S.L.",41
AJUNTAMENT DE VALLS  - NUCLI MASMOLETS,39
"MATIAS GOM├Ç TOM├ÇS, SA",41
"HIERROS Y DESGUACES CASANOVAS, SL",20
"DISA PENINSULA, SLU - E.S. FRANCOLI",24
"FERIMET, SLU",20
"SANCHEZ ORTIZ, ANTONI",22
"ESCORXADOR BAIX CAMP, SA",18
"TRADILLO INVERSIONES, SL",20
AENA SME SA - AEROPORT DE REUS,21
"PROMOCIONES BLAUMAR, SA - HOTEL MAS LA BOELLA",22
"B.C. BUGADERIA CATALUNYA, SRL",19
CONSORCI D'AIG├£ES DE TARRAGONA (X. CAT),23
AEC GRIS FUNDACIO PRIVADA,20
AUTORITAT PORTU├ÇRIA DE TARRAGONA (TARRAGONA),
"HOTEL & SPA LA COLLADA, SL",496
"C├ÇMPING ROCA GROSSA, SL",
"LLAURAD├ô MART├ìNEZ, JOSEP M.",
"SAVASUN, S.A.",2
